Name,Semi_Major_AU,Eccentricity
"1P/Halley",17.8341442925537,0.967142908462304
"2P/Encke",2.215141293583404,.8483360282890077
"3D/Biela",3.53465808340135,0.751299
"4P/Faye",3.83815915788662,.5696175496849397

